GroupeAD,samAccountName,nombre de membres
Fichiers_0009,archmed,6
GRP_ateladmintravaux,ateladmintravaux,7
GRP_biosecr,biosecr,10
GRP_cap ii 1er,capii1er,2
PartageCap2Rdc,PartageCap2Rdc,2
GRP_cap1_self,cap1_self,2
GRP_developp_info,developp_info,5
GRP_dirsecr,dirsecr,9
GRP_dirsecr_dam,dirsecr_dam,4
GRP_ecomag,ecomag,2
PartageEconomat,economat,17
PartageEquipe direction elargie,equipedirectionelargie,13
GRP_formation,formation,34
GRP_imprompt_user_new,imprompt_user_new,84
GRP_impromptu_admin,impromptu_admin,2
GRP_impromptu_extraits,impromptu_extraits,9
Partage_Patient_Traceur_Chemin_Clinique,Partage_Patient_Traceur_Chemin_Clinique,11
Partage_securite_chefs_equipe,Partage_securite_chefs_equipe,8
Partage_aahm,partageaahm,3
Partage_AnimationCRIII,partageanimationcriii,11
Partage_CRIII,Partage_CRIII,51
partagecriiidocspartagess3000,partagecriiidocspartagess3000,10
Partage_Disco,PartageDisco,9
partagegouvernantscr3diets,partagegouvernantscr3diets,8
PartageNchpg,PartageNchpg,20
PartageProjet ETP,PartageProjetETP,42
partagepsy_bip_ect_rtms,partagepsy_bip_ect_rtms,26
partagepsy_bip_ect_rtms_lecture,partagepsy_bip_ect_rtms_lecture,2
GRP_persecrt,persecrt,20
GRP_photos_chpg,photos_chpg,4
GRP_photos_chpg_rw,photos_chpg_rw,7
GRP_plan_blanc,plan_blanc,5
GRP_planning_pmsi,planning_pmsi,4
GRP_qietudine,qietudine,42
GRP_recettes,recettes,12
GRP_s0008,s0008,12
GRP_s0032,s0032,2
GRP_s0041,s0041,9
GRP_s0073,s0073,16
GRP_s0078,s0078,20
GRP_s0079,s0079,27
GRP_s0082,s0082,18
GRP_s0082_depistage,s0082_depistage,63
GRP_s0084,s0084,16
GRP_s0086,s0086,23
GRP_s0093,s0093,13
GRP_s0094,s0094,11
GRP_s0222,s0222,4
GRP_s0224,s0224,61
GRP_s0230,s0230,9
GRP_s0272,s0272,14
GRP_s0279,s0279,10
GRP_s0295,s0295,11
GRP_s0400,s0400,46
GRP_s0402,s0402,4
GRP_s0404,s0404,10
GRP_s0410_mgmt,s0410_mgmt,4
GRP_s0410_secretariat,s0410_secretariat,113
GRP_s0412,s0412,23
GRP_s0416,s0416,14
GRP_s0420,s0420,19
GRP_s0421,s0421,10
GRP_s0422,s0422,6
GRP_s0423,s0423,11
GRP_s0424,s0424,2
GRP_s0430,s0430,23
GRP_s0432,s0432,3
GRP_s0440,s0440,3
GRP_s0441,s0441,2
GRP_s0442,s0442,3
GRP_s0443,s0443,3
GRP_s0445,s0445,7
GRP_s0458,s0458,2
GRP_s0459,s0459,2
GRP_s0460,s0460,11
GRP_s0464,s0464,6
GRP_s0465,s0465,6
GRP_s0470,s0470,7
GRP_s0473,s0473,4
GRP_s0476,s0476,3
GRP_s0478,s0478,2
GRP_s0479,s0479,5
GRP_s0483,s0483,5
GRP_s0490,s0490,3
GRP_s0490_etudiant,s0490_etudiant,106
GRP_s0490m,s0490m,10
GRP_s0492,s0492,5
GRP_s0494,s0494,6
GRP_s0700,s0700,4
GRP_s0701,s0701,5
GRP_s0702,s0702,3
GRP_s0703,s0703,4
GRP_s0704,s0704,9
GRP_s0705,s0705,5
GRP_s0706,s0706,62
GRP_s0707,s0707,2
GRP_s0710,s0710,3
GRP_s0711,s0711,2
GRP_s0712,s0712,3
GRP_s0720,s0720,6
Fichiers_0721,s0721,4
GRP_s0723,s0723,2
GRP_s0730,s0730,2
GRP_s0740,s0740,3
GRP_s0762,s0762,2
GRP_s0770,s0770,2
GRP_s0772,s0772,63
GRP_s0775,s0775,6
GRP_s0777,s0777,3
GRP_s0780,s0780,4
GRP_s0791,s0791,2
GRP_s0792,s0792,2
GRP_s0848,s0848,3
GRP_s0852,s0852,100
GRP_S1087,S1087,12
GRP_s2000,s2000,10
GRP_s3000,s3000,12
GRP_s3001,s3001,0
GRP_s3038,s3038,0
GRP_s3087,s3087,6
GRP_s3100,s3100,70
GRP_s3104,s3104,0
GRP_s3105,s3105,0
GRP_s3110,s3110,0
GRP_s3210,s3210,0
GRP_s3214,s3214,0
GRP_s3219,s3219,0
GRP_s3220,s3220,0
GRP_s3230,s3230,9
GRP_s3232,s3232,25
GRP_s3235,s3235,70
GRP_s3250,s3250,0
GRP_s3270,s3270,0
GRP_s3279,s3279,0
GRP_s3312,s3312,0
GRP_s3313,s3313,0
GRP_s3314,s3314,0
GRP_s3315,s3315,0
GRP_s3320,s3320,2
GRP_s3400,s3400,17
GRP_s3408,s3408,0
GRP_s3417,s3417,4
GRP_s3420,s3420,0
GRP_s3451,s3451,0
GRP_s3453,s3453,0
GRP_s3454,s3454,0
GRP_s3460,s3460,17
GRP_s3464,s3464,72
GRP_s3469,s3469,73
GRP_S3473,S3473,0
GRP_s3710,s3710,39
GRP_s3711,s3711,44
GRP_s3720,s3720,115
GRP_s3730,s3730,46
GRP_s3740,s3740,40
GRP_s3750,s3750,47
GRP_s3760,s3760,41
GRP_s3770,s3770,34
GRP_s3771,s3771,0
Partage_Saphirs,saphirs,66
GRP_sgap,sgap,15
GRP_sgap_boss,sgap_boss,2
Partage_Simbio,simbio,18
GRP_survpool,survpool,62
GRP_urgence_restreint,urgence_restreint,42
GRP_urgences,urgences,2
GRP_atelboss,atelboss,3
GRP_ateliers,ateliers,37
GRP_atelmarches,atelmarches,5
GRP_be,be,11
GRP_s0854,s0854,0
PartageTamaris,PartageTamaris,20
Partagecriii-adm-anim,Partagecriii-adm-anim,17
GRP_s0000,s0000,0
GRP_s0001,s0001,0
GRP_s0002,s0002,0
GRP_s0003,s0003,0
GRP_s0004,s0004,0
GRP_s0005,s0005,0
GRP_s0006,s0006,0
GRP_s0007,s0007,0
GRP_s0009,s0009,0
GRP_s0010,s0010,0
GRP_s0011,s0011,0
GRP_s0012,s0012,0
GRP_s0013,s0013,0
GRP_s0014,s0014,0
GRP_s0015,s0015,0
GRP_s0016,s0016,0
GRP_s0018,s0018,0
GRP_s0019,s0019,0
GRP_s0020,s0020,0
GRP_s0021,s0021,0
GRP_s0022,s0022,0
GRP_s0023,s0023,0
GRP_s0024,s0024,0
GRP_s0025,s0025,0
GRP_s0030,s0030,0
GRP_s0031,s0031,0
GRP_s0034,s0034,0
GRP_s0039,s0039,0
GRP_s0040,s0040,0
GRP_s0070,s0070,0
GRP_s0074,s0074,0
GRP_s0075,s0075,0
GRP_s0087,s0087,0
GRP_s0088,s0088,0
GRP_s0089,s0089,0
GRP_s0090,s0090,71
GRP_s0091,s0091,0
GRP_s0092,s0092,0
GRP_s0097,s0097,0
GRP_s0100,s0100,0
GRP_s0104,s0104,0
GRP_s0105,s0105,0
GRP_s0109,s0109,0
GRP_s0110,s0110,0
GRP_s0119,s0119,0
GRP_s0120,s0120,0
GRP_s0150,s0150,0
GRP_s0199,s0199,0
GRP_s0200,s0200,0
GRP_s0210,s0210,0
GRP_s0211,s0211,0
GRP_s0212,s0212,0
GRP_s0213,s0213,0
GRP_s0214,s0214,0
GRP_s0218,s0218,0
GRP_s0219,s0219,0
GRP_s0220,s0220,0
GRP_s0221,s0221,0
GRP_s0223,s0223,0
GRP_s0225,s0225,0
GRP_s0226,s0226,0
GRP_s0227,s0227,0
GRP_s0228,s0228,0
GRP_s0229,s0229,0
GRP_s0232,s0232,0
GRP_s0233,s0233,0
GRP_s0234,s0234,0
GRP_s0240,s0240,0
GRP_s0260,s0260,0
GRP_s0261,s0261,0
GRP_s0262,s0262,0
GRP_s0263,s0263,0
GRP_s0264,s0264,0
GRP_s0265,s0265,0
GRP_s0270,s0270,0
GRP_s0271,s0271,0
GRP_s0273,s0273,0
GRP_s0274,s0274,0
GRP_s0275,s0275,0
GRP_s0276,s0276,0
GRP_s0277,s0277,0
GRP_s0278,s0278,0
GRP_s0280,s0280,0
GRP_s0281,s0281,0
GRP_s0282,s0282,0
GRP_s0283,s0283,0
GRP_s0290,s0290,0
GRP_s0301,s0301,0
GRP_s0306,s0306,0
GRP_s0312,s0312,0
GRP_s0313,s0313,0
GRP_s0314,s0314,0
GRP_s0315,s0315,0
GRP_s0316,s0316,0
GRP_s0317,s0317,0
GRP_s0320,s0320,0
GRP_s0405,s0405,0
GRP_s0406,s0406,0
GRP_s0407,s0407,0
GRP_s0410,s0410,0
GRP_s0413,s0413,0
GRP_s0414,s0414,0
GRP_s0415,s0415,0
GRP_s0417,s0417,0
GRP_s0418,s0418,0
GRP_s0425,s0425,0
GRP_s0426,s0426,0
GRP_s0427,s0427,0
GRP_s0428,s0428,0
GRP_s0439,s0439,0
GRP_s0444,s0444,0
GRP_s0446,s0446,0
GRP_s0447,s0447,0
GRP_s0448,s0448,0
GRP_s0449,s0449,0
GRP_s0450,s0450,0
GRP_s0451,s0451,0
GRP_s0452,s0452,0
GRP_s0453,s0453,0
GRP_s0455,s0455,0
GRP_s0456,s0456,0
GRP_s0457,s0457,0
GRP_s0463,s0463,0
GRP_s0466,s0466,0
GRP_s0467,s0467,0
GRP_s0468,s0468,0
GRP_s0469,s0469,0
GRP_s0472,s0472,0
GRP_s0477,s0477,0
GRP_s0480,s0480,3
GRP_s0481,s0481,0
GRP_s0482,s0482,0
GRP_s0493,s0493,0
GRP_s0495,s0495,0
GRP_s0496,s0496,0
GRP_s0497,s0497,0
GRP_s0498,s0498,0
GRP_s0499,s0499,0
GRP_s0500,s0500,0
GRP_s0501,s0501,0
GRP_s0503,s0503,0
GRP_s0504,s0504,0
GRP_s0505,s0505,0
GRP_s0506,s0506,0
GRP_s0507,s0507,0
GRP_s0520,s0520,0
GRP_s0521,s0521,0
GRP_s0522,s0522,0
GRP_s0523,s0523,0
GRP_s0530,s0530,0
GRP_s0531,s0531,0
GRP_s0532,s0532,0
GRP_s0533,s0533,0
GRP_s0534,s0534,0
GRP_s0535,s0535,0
GRP_s0536,s0536,0
GRP_s0537,s0537,0
GRP_s0538,s0538,0
GRP_s0709,s0709,0
GRP_s0715,s0715,0
GRP_s0717,s0717,0
GRP_s0718,s0718,0
GRP_s0719,s0719,2
GRP_s0722,s0722,0
GRP_s0750,s0750,0
GRP_s0751,s0751,0
GRP_s0752,s0752,0
GRP_s0753,s0753,0
GRP_s0754,s0754,0
GRP_s0755,s0755,0
GRP_s0756,s0756,0
GRP_s0757,s0757,0
GRP_s0758,s0758,0
GRP_s0759,s0759,0
GRP_s0760,s0760,0
GRP_s0761,s0761,0
GRP_s0763,s0763,0
GRP_s0771,s0771,0
GRP_s0776,s0776,78
GRP_s0778,s0778,0
GRP_s0781,s0781,0
GRP_s0794,s0794,2
GRP_s0795,s0795,0
GRP_s0800,s0800,0
GRP_s0809,s0809,0
GRP_s0810,s0810,0
GRP_s0840,s0840,0
GRP_s0843,s0843,0
GRP_s0846,s0846,0
GRP_s0847,s0847,0
GRP_s0849,s0849,0
GRP_s0850,s0850,0
GRP_s0851,s0851,0
GRP_s0853,s0853,0
GRP_s0855,s0855,0
GRP_s0856,s0856,0
GRP_s0900,s0900,0
GRP_s0901,s0901,0
GRP_s0902,s0902,0
GRP_s0903,s0903,0
GRP_s0904,s0904,0
GRP_s0907,s0907,0
GRP_s0910,s0910,0
GRP_s0911,s0911,0
GRP_s0912,s0912,0
GRP_s0913,s0913,0
GRP_s0915,s0915,0
GRP_s0920,s0920,0
GRP_s0921,s0921,0
GRP_s0923,s0923,0
GRP_s0930,s0930,0
GRP_s0940,s0940,0
GRP_s0960,s0960,0
GRP_s0970,s0970,0
GRP_s0972,s0972,0
GRP_s0980,s0980,0
GRP_s0981,s0981,0
GRP_s0982,s0982,0
GRP_s0983,s0983,0
GRP_s0984,s0984,0
GRP_s0986,s0986,0
GRP_s0987,s0987,0
GRP_s0995,s0995,0
GRP_s0999,s0999,0
GRP_s0300,s0300,0
GRP_s0310,s0310,0
GRP_s0235,s0235,0
GRP_s0408,s0408,0
GRP_s0988,s0988,0
partagecarnetssanitaires,partagecarnetssanitaires,13
Partage_CadreImagerie,partagecadreimagerie,6
partagecriiirééducateurs,partagecriiirééducateurs,12
PartageTempsTravailGTT,PartageTempsTravailGTT,9
PartageDrm_Direction,PartageDrm_Direction,7
Partagedrmsecondaire,Partagedrmsecondaire,12
partageimagerie,partageimagerie,50
GRP_s4002,s4002,0
GRP_upmr,upmr,2
partagetempstravailgttgroupeprojet,partagetempstravailgttgroupeprojet,15
Partage_CGDS,Partage_CGDS,13
partagecertificationv2014edp,GRP_partagecertificationv2014edp,7
partagecertificationv2014edp_generique,partagecertificationv2014edp_generique,67
partagestandardconcierge,partagestandardconcierge,4
partageservicesinterieursgeneraux,partageservicesinterieursgeneraux,2
PartageMaintenanceBlocsOperatoires,PartageMaintenanceBlocsOperatoires,101
PartagePoleGeriatrie,PartagePoleGeriatrie,19
partagepharmadocs,partagepharmadocs,54
partagepolemedicotechnique,partagepolemedicotechnique,9
Partagecadrespsy,Partagecadrespsy,3
PartageFacturation - Unité de Bilan,PartageFacturation - Unité de Bilan,5
Partage_Comite_Ethique_Hospitalier,Partage_Comite_Ethique_Hospitalier,6
Partage_DRH-CGDS,Partage_DRH-CGDS,10
Partage_Thomas,Partage_Thomas,61
P0700,P0700,0
GRP_s0272_ARCHIVES_RO,GRP_s0272_ARCHIVES_RO,6
GRP_s0272_ARCHIVES_RW,GRP_s0272_ARCHIVES_RW,2
GRP_Database_Invivo,GRP_Database_Invivo,2
Partage_Acculink,Partage_Acculink,3
Partage_DoseWare,Partage_DoseWare,4
Partage_AES,Partage_AES,11
Partage_Dossier_Obstetrique,Partage_Dossier_Obstetrique,3
Partage_DRH_NouvelEspaceStatutaire,Partage_DRH_NouvelEspaceStatutaire,6
Partage_MAN,Partage_MAN,28
Partage_NRCF,Partage_NRCF,20
Partage0770-0430,Partage0770-0430,14
PartageARUA,PartageARUA,9
PartageCadreNuit,PartageCadreNuit,3
PartageCadresBlocs,PartageCadresBlocs,8
PartageCadresMissionTranversale,PartageCadresMissionTranversale,9
PartageCadresMPPME,PartageCadresMPPME,4
PartageCoordinationTravaux,PartageCoordinationTravaux,4
PartageCS700_S0082_S0094,PartageCS700_S0082_S0094,4
PartageFGSU,PartageFGSU,4
PartagePASSI,PartagePASSI,8
PartagePlanBlancConfidentiel,PartagePlanBlancConfidentiel,5
PartageProjet_DPA_GAM,PartageProjet_DPA_GAM,8
PartageProjetRSSI,PartageProjetRSSI,5
