"Name";"Alias"
"Aapegalite";"aapegalite"
"Aaphandicap";"aaphandicap"
"Lecture Accor";"accor.lecture"
"ACCUEIL-ATLAS";"accueil-atlas"
"ACCUEIL-CRMP";"accueil.crmp"
"AdhesionCharte";"adhesioncharte"
"ADMINFD";"admin"
"AEROSAT";"aerosat"
"Secretariat-DGS Agenda";"agenda.secretariat-dgs"
"Agenda21 Regional";"agenda21regional"
"AGILEIT";"agileit"
"agileit2012";"agileit2012"
"Annuaire-Argus Annuaire-Argus";"annuaire-argus"
"AppelAProjetsBatiments";"appelaprojetsbatiments"
"DRH ARL";"arl.drh"
"artsetspectaclevivant";"artsetspectaclevivant"
"Assemblée des Territoires";"assemblee-des-territoires"
"kbox assistance";"assistance.kbox"
"boite-a-idees";"boite-a-idees"
"bourses.mobilite";"bourses.mobilite"
"assistance bss";"bss.assistance"
"BTHautespyrenees";"bthautespyrenees"
"BTlot";"btlot"
"Canditatures integration";"canditaturesintegration"
"carnetDES";"carnetdes"
"carole.delga.presidente";"carole.delga.presidente"
"Cartejeune";"cartejeune"
"CautionLogRMP";"cautionlogrmp"
"CBM";"cbm"
"CDP";"cdp"
"Cellule Numérisation";"cellule.numerisation"
"feder certification";"certification.feder"
"fse certification";"certification.fse"
"Marches Publics CESR";"cesr.marchespublics"
"CHAUFFEURS";"chauffeurs"
"LECTURE Chequier";"chequier.lecture"
"CHSCT";"CHSCT"
"CIL";"cil"
"Comite Ardan";"comite.ardan"
"Communication interne";"communicationinterne"
"Constitutive-agora";"constitutive-agora"
"FP consultations";"consultations.fp"
"Contact";"contact"
"contact-transport";"contact-transport"
"elus contacts";"contacts.elus"
"contactTLS";"contacttls"
"Contentieux";"contentieux"
"contributionrail";"contributionrail"
"CP_RTT_DSI";"cp_rtt_dsi"
"CreationAD";"creationad"
"PROJET-AVENIR CRJ";"crj.projet-avenir"
"FEDER CSF";"csf.feder"
"FSE CSF";"csf.fse"
"CTAP";"ctap"
"CTP";"ctp"
"Marches Publics DAAR";"daar.marchespublics"
"Marches Publics DAEC";"daec.marchespublics"
"DAEC";"daec2"
"Marches Publics DAEI";"daei.marchespublics"
"Marches Publics DAER";"daer.marchespublics"
"DAF-Budget";"daf-budget"
"Marches Publics DAF";"daf.marchespublics"
"Marches Publics DCAV";"dcav.marchespublics"
"Marches Publics DCOM";"dcom.marchespublics"
"Marches Publics DEDD";"dedd.marchespublics"
"DEL";"del"
"DEL.ddp";"del.ddp"
"DEL.DESR";"del.desr"
"DEL DAEC-BMI";"deldaec-bmi"
"DEL DAER";"deldaer"
"demandes.achats";"demandes.achats"
"demandesinformatiques";"demandesinformatiques"
"DEMAT";"demat"
"Marches Publics DEPE";"depe.marchespublics"
"Depenses.Directes";"depenses.directes"
"Billettique Deploiement";"deploiement.billettique"
"DES.ETUDES";"des.etudes"
"Marches Publics DES";"des.marchespublics"
"PTM DES";"des.ptm"
"PTM1  DES";"des.ptm1"
"Marches Publics DESPTM1";"desptm1.marchespublics"
"Marches Publics DESPTM2";"desptm2.marchespublics"
"Marches Publics DFPA";"dfpa.marchespublics"
"DIGIFAB";"digifab"
"DIT-mobilite-lycees";"dit-mobilite-lycees"
"Marches Publics DIT";"dit.marchespublics"
"DLOG-DIR-SEC";"dlog-dir-sec"
"DLOG.ascenseurs";"dlog.ascenseurs"
"DLOG Fauche";"dlog.fauche"
"Marches Publics DLOG";"dlog.marchespublics"
"dmoe-energie";"dmoe-energie"
"Marches Publics DPTC";"dptc.marchespublics"
"DRHT Action-Sociale";"drht.action-sociale"
"DRHT Carrière";"drht.carriere"
"DRHT Concours Examens";"drht.concours-examens"
"DRHT Elections Professionnelles 2016";"drht.electionspro2016"
"DRHT EVALPROF";"drht.evalprof"
"DRHT Formation";"drht.formation"
"DRHT Formation IEL";"drht.formationiel"
"DRHT GREVES";"drht.greves"
"DRHT HV";"drht.hv"
"DRHT Marchés Publics";"drht.marchespublics"
"DRHT Mobilite ARL";"drht.mobilitearl"
"DRHT PSC";"drht.psc"
"DRPP-Toulouse";"drpp-toulouse"
"DSI";"dsi"
"Marches Publics DSI";"dsi.marchespublics"
"DTE";"dte"
"AeroSpatial";"easynov.aerospatial"
"AgroAlim";"easynov.agroalimentaire"
"ECOINNOV";"easynov.ecoinnovation"
"EASYNOV";"easynov.numerique"
"SILVERECO";"easynov.silvereconomie"
"UsineDuFutur";"easynov.usinedufutur"
"echeance_banque";"echeance_banque"
"ecocheque";"ecocheque"
"ecocirculaire";"ecocirculaire"
"ecoinnov2012";"ecoinnov2012"
"DES.EFE";"efe.des"
"fse egalite";"egalite.fse"
"ELJ";"elj"
"assos emplois";"emplois.assos"
"Energie";"energie"
"enquete-egalite";"enquete-egalite"
"apprentis enquete";"enquete.apprentis"
"Enquetes";"enquetes"
"ENSUP.REHERCHE";"ensup.recherche"
"Environnement";"environnement"
"EPICURE";"epicure"
"epicure2012";"epicure2012"
"Equipe_auto_evaluation_risques";"equipe_auto_evaluation_risques"
"EQUIPEMENTS Elus";"equipements.elus"
"ETR Albi";"etr.albi"
"ETR Auch";"etr.auch"
"ETR Cahors";"etr.cahors"
"ETR Castres";"etr.castres"
"ETR Figeac";"etr.figeac"
"ETR Montauban";"etr.montauban"
"ETR Muret";"etr.muret"
"ETR Pamiers";"etr.pamiers"
"ETR Rodez";"etr.rodez"
"ETR Gaudens";"etr.stgaudens"
"ETR Tarbes";"etr.tarbes"
"ETR Toulouse";"etr.toulouse"
"ETR ToulouseAIRF";"etr.toulouseairf"
"ETR ToulouseEVES";"etr.toulouseeves"
"ETR ToulouseIEST";"etr.toulouseiest"
"EUROPE";"europe"
"europe20142020";"europe2014-2020"
"Groupe Politique Europe Ecologie";"europeecologie.rmp"
"Export Région Occitanie";"export"
"DFPA Extranet";"extranet.dfpa"
"lycees extranet";"extranet.lycees"
"FABREGION";"fabregion"
"FAQFSS";"faq_fss"
"FaqSuiviPrfp";"faqsuiviprfp"
"Feader-Isis";"feader-isis"
"FESTIV";"festiv"
"Film Région Occitanie";"film"
"ARFE Foix";"foix.arfe"
"Formation.accompagnement";"formation.accompagnement"
"FournituresdebureauDLOG";"fournituresdebureaudlog"
"FSE-PRFP";"fse-prfp"
"gedai";"gedai"
"GENSTERIA";"gensteria"
"gestion-individus-hsigc-pdrmip";"gestion-individus-hsigc-pdrmip"
"gestion operateur";"gestionoperateur"
"apprentissage grandsprix";"grandsprix.apprentissage"
"GrandsSites";"grandssites"
"Groupe.NMeC";"groupe.nmec"
"Groupe.SRC";"groupe.src"
"Groupe.UEDC";"groupe.uedc"
"Guide des interventions";"guideint"
"HEBERGEMENT App";"hebergement.app"
"Hotelregion.servicehuissiers";"hotelregion.servicehuissiers"
"TIERSidentification";"identification.tiers"
"IMP";"imp"
"Influenzaaviaire";"influenzaaviaire"
"INFORSTRAT";"inforstrat"
"Initiatives ISO 14001";"initiativesiso14001"
"Intemperies2013";"intemperies2013"
"_ INTERVENTIONS INFORMATIQUES";"interventions.informatiques"
"Invitation1";"invitation1"
"INVITATIONS";"invitations"
"Journees NATURE";"journees.nature"
"lejournaldemaregion";"lejournaldemaregion"
"Le Lab Occitanie";"lelaboccitanie"
"lenom";"lenom"
"liste.ta.cfa";"liste.ta.cfa"
"liste.ta.octa";"liste.ta.octa"
"Manifestation Logistique";"logistique.manifestation"
"lutte.anti-spam";"lutte.anti-spam"
"Marches Publics";"marches.publics"
"Accueil Mepe";"mepe.accueil"
"Marches Publics MESR";"mesr.marchespublicsmesr"
"MessagerieMCCP";"messageriemccp"
"mission-com-interne";"mission-com-interne"
"MOBILITE";"mobilite"
"MOBILITE.artistique";"mobilite.artistique"
"DFPA Mobilite";"mobilite.dfpa"
"mobiliteasg";"mobiliteasg"
"MPCOOPDEV";"mpcoopdev"
"Marches Publics MSOL";"msol.marchespublics"
"nomdelaregioncfa";"nomdelaregioncfa"
"nomdelaregioner2c";"nomdelaregioner2c"
"nomdelaregionlyceens";"nomdelaregionlyceens"
"NORMEA";"normea"
"nouveaunomdelaregion";"nouveaunomdelaregion"
"objetspromo";"objetspromo"
"olympiades";"olympiades"
"OMTE";"omte"
"OMTE-ETR";"omte-etr"
"oplc";"oplc"
"Oplo";"oplo"
"Ordilib";"ordilib"
"Osons Midi-Pyrenees";"osonsmidi-pyrenees"
"paiement.aideapprentissage";"paiement.aideapprentissage"
"Bourse Paiement";"paiement.bourse"
"PaiementCJ";"paiementcj"
"parcoursmcef.support";"parcoursmcef.support"
"pat midipyrenees";"pat.midipyrenees"
"Patrimoines";"patrimoines"
"PC-Sécurité";"pc-securite"
"planning.dcre";"planning.dcre"
"planning.dcre.lec";"planning.dcre.lec"
"planning.dcre.red";"planning.dcre.red"
"PRADA";"prada"
"president-CCRRDT";"president-CCRRDT"
"MIDIPY PRESS";"press.midipy"
"PRFP-CC";"prfp.cc"
"PRFP-JT";"prfp.jt"
"PRFP-SC";"prfp.sc"
"Handien Prix";"prixhandien"
"Prix Handi entreprise Occitanie - Pyrénées-Méditerranée";"prixhandientreprise"
"prixnougaro";"prixnougaro"
"Projets-Avenir";"projets.avenir"
"PVTRAVAUX";"pvtravaux"
"Pyrenees";"pyrenees"
"Cabinet Région MP";"regionmp.cabinet"
"Services des Relations Institutionnelles";"relations.institutionnelles"
"Relations Exterieures";"relationsexterieures"
"RencontresAndorremidipyrenees";"rencontresandorremidipyrenees"
"Republicains et Territoires";"republicainsetterritoires"
"Réservation Salles";"reservation.salles"
"Réservation Véhicules";"reservation.vehicules"
"antenneaveyron rmp";"rmp.antenneaveyron"
"Groupe Politique Front de Gauche : PCF-PG-GU";"rmp.fdg"
"Groupe Politique Parti Radical de Gauche";"rmp.prg"
"Groupe Politique Parti Socialiste";"rmp.ps"
"midipyrenees rrr";"rrr.midipyrenees"
"salle.aec";"salle.aec"
"salle.Belvedere.D21";"salle.belvedere.d21"
"salle.Belvedere.D28";"salle.belvedere.d28"
"salle.daf";"salle.daf"
"salle.dat";"salle.dat"
"salle.dcap";"salle.dcap"
"salle.dfpa_230";"salle.dfpa_230"
"salle.dfpa_252";"salle.dfpa_252"
"salle.dit";"salle.dit"
"salle.dlog";"salle.dlog"
"salle.dsi";"salle.dsi"
"salle.dsi.old";"salle.dsi.old"
"salle.HR1.221";"salle.HR1.221"
"salle.HR3.A114";"salle.hr3.a114"
"salle.HR3.A209";"salle.HR3.A209"
"salle.VP.539";"salle.VP.539"
"Salle Reunion 6";"sallereunion6"
"Salle Reunion VP 5";"sallereunionvp5"
"SALLES EIS";"salleseis"
"Salle ZAC 39 - DCAV";"sallezac39-dcav"
"SalonSupNordest";"salonsun"
"SalonSupPyrenees";"salonsuppyrenees"
"Scenes Musicales";"scenesm"
"Sec-DEI";"sec-dei"
"Secrétariat Général";"Secretariat-General"
"Secretariat Dgas-Eis";"secretariat.dgas-eis"
"secretariat.dgs";"secretariat.dgs"
"Secretariat_De_Direction_DEDD";"secretariat_de_direction_dedd"
"service-feader-pdrmp";"service-feader-pdrmp"
"Service Presse Région Occitanie";"service.presse"
"Marches Publics SG";"sg.marchespublics"
"SILVERECO MP";"silvereco-mp"
"sipmip";"sipmip"
"SMILE";"smile"
"SRADDT";"sraddt"
"SRCAE";"srcae"
"STERIA";"steria"
"Suppleance";"suppleance"
"support";"support"
"Support Agile Occitanie Ouest";"support-agile-occitanie-ouest"
"Themis.midipyrenees";"themis.midipyrenees"
"Tic";"tic"
"Tiers Lieux";"tierslieux"
"totalrespect";"totalrespect"
"Tourisme";"tourisme"
"touslesmetierssontmixtes";"touslesmetierssontmixtes"
"UE-CSF-MP";"ue-csf-mp"
"UE-echangesAC-MP";"ue-echangesac-mp"
"UEDC";"uedc"
"UEinformatique-MP";"ueinformatique-mp"
"UEprocedures-MP";"ueprocedures-mp"
"Validation.DAFB.demandes.achats";"validation.dafb.demandes.achats"
"VeilleStrategique";"veillestrategique"
"Ville";"ville"
"Visa SOLDE";"visa.solde"
"websig";"websig"
"Salles DES Gestion libre - Zac des menuisiers";"zacdesmenuisiers.sallesdesgestionlibre-"
"Zefir.Support";"zefir.support"
